idx,canonicalsmiles
0,C/C=C/B(O[Na])O[Na]
1,O=C(O[Na])c1ccc(B(O[Na])O[Na])c(Cl)c1
2,O=C(/C=C/c1ccc(B(O[Na])O[Na])cc1)O[Na]
3,CB(O[Na])O[Na]
4,CCCB(O[Na])O[Na]
5,CCB(O[Na])O[Na]
6,[Na]OB(O[Na])c1ccc(B(O[Na])O[Na])cc1
7,[Na]OB(O[Na])c1cccc(O[Na])c1
8,[Na]OB(O[Na])c1ccc(O[Na])cc1
9,[Na]OB(O[Na])c1ccccc1O[Na]
10,O=C(/C=C/c1ccccc1B(O[Na])O[Na])O[Na]
11,[Na]OB(O[Na])c1cccc(B(O[Na])O[Na])c1
12,O=C(O[Na])c1ccc(B(O[Na])O[Na])s1
13,CC(C)B(O[Na])O[Na]
14,[Na]OB(O[Na])C1CC1
15,O=C(O[Na])c1cc(B(O[Na])O[Na])ccc1F
16,[Na]OB(O[Na])c1ccc(B(O[Na])O[Na])s1
17,O=C(O[Na])c1cc(O[Na])cc(B(O[Na])O[Na])c1
18,O=C(O[Na])c1cccc(B(O[Na])O[Na])c1
19,O=C(O[Na])c1ccccc1B(O[Na])O[Na]
20,O=C(O[Na])c1ccc(B(O[Na])O[Na])cc1F
21,Fc1ccc(O[Na])c(B(O[Na])O[Na])c1
22,Fc1ccc(B(O[Na])O[Na])c(O[Na])c1
23,[Na]OB(O[Na])c1ccc2cc(O[Na])ccc2c1
24,C/C=C/B(O[Na])O[Na]
25,C=C(C)B(O[Na])O[Na]
26,[Na]OB(O[Na])c1cc(B(O[Na])O[Na])cc(B(O[Na])O[Na])c1
27,COc1cccc(B(O[Na])O[Na])c1O[Na]
28,Cc1ccc(O[Na])c(B(O[Na])O[Na])c1
29,Cc1ccc(C(=O)O[Na])cc1B(O[Na])O[Na]
30,O=C(O[Na])c1ccc(F)c(B(O[Na])O[Na])c1
31,O=C(Cc1ccc(B(O[Na])O[Na])cc1)O[Na]
32,O=Cc1cc(B(O[Na])O[Na])ccc1O[Na]
33,[Na]OB(O[Na])c1cc(Cl)ccc1O[Na]
34,O=C(O[Na])c1cc(B(O[Na])O[Na])cc(C(=O)O[Na])c1
35,[Na]OB(O[Na])c1c(O[Na])cccc1O[Na]
36,COc1c(B(O[Na])O[Na])cccc1C(=O)O[Na]
37,CC(C)(C(=O)O[Na])c1ccc(B(O[Na])O[Na])cc1
38,Fc1cccc(O[Na])c1B(O[Na])O[Na]
39,Fc1cc(O[Na])ccc1B(O[Na])O[Na]
40,C=CB(O[Na])O[Na]
41,O=P(CB(O[Na])O[Na])(O[Na])O[Na]
42,C/C=C\B(O[Na])O[Na]
43,O=C(C=Cc1ccc(B(O[Na])O[Na])cc1)O[Na]
44,O=C(O[Na])c1cncc(B(O[Na])O[Na])c1
45,Cc1ccc(B(O[Na])O[Na])cc1O[Na]
46,O=C(O[Na])c1cccc(B(O[Na])O[Na])c1F
47,O=C(CCB(O[Na])O[Na])O[Na]
48,O=C(O[Na])c1ccc(Cl)c(B(O[Na])O[Na])c1
49,Fc1c(O[Na])cccc1B(O[Na])O[Na]
50,O=C(O[Na])c1ccc(F)cc1B(O[Na])O[Na]
51,Cc1ccc(B(O[Na])O[Na])c(O[Na])c1
52,CC(C)(C)c1ccc(O[Na])c(B(O[Na])O[Na])c1
53,Fc1cccc(B(O[Na])O[Na])c1O[Na]
54,Cc1cc(C(=O)O[Na])ccc1B(O[Na])O[Na]
55,[Na]OB(O[Na])c1ccc(O[Na])c(Cl)c1
56,O=C(Cc1cccc(B(O[Na])O[Na])c1)O[Na]
57,[Na]OB(O[Na])c1ccc2ccc(O[Na])cc2c1
58,O=C(O[Na])c1cc(B(O[Na])O[Na])ccc1Cl
59,Fc1cc(B(O[Na])O[Na])ccc1O[Na]
60,O=C(O[Na])c1cc(Cl)ccc1B(O[Na])O[Na]
61,O=C(O[Na])c1ccc(B(O[Na])O[Na])c(F)c1
62,O=C(O[Na])c1cc(B(O[Na])O[Na])ccn1
63,COc1ccc(C(=O)O[Na])cc1B(O[Na])O[Na]
64,[Na]OB(O[Na])c1cc(O[Na])ccc1Cl
65,O=C(O[Na])c1cc(B(O[Na])O[Na])cs1
66,O=C(O[Na])c1ccc(Cl)cc1B(O[Na])O[Na]
67,Fc1ccc(O[Na])c(F)c1B(O[Na])O[Na]
68,Fc1cc(O[Na])cc(B(O[Na])O[Na])c1
69,Fc1ccc(B(O[Na])O[Na])cc1O[Na]
70,O=C(O[Na])c1cc(F)ccc1B(O[Na])O[Na]
71,FC(F)(F)c1cc(O[Na])cc(B(O[Na])O[Na])c1
72,Fc1cc(O[Na])cc(F)c1B(O[Na])O[Na]
73,FC(F)(F)c1ccc(B(O[Na])O[Na])c(O[Na])c1
74,Fc1ccc(O[Na])cc1B(O[Na])O[Na]
75,[Na]OB(O[Na])c1cc(Cl)cc(O[Na])c1
76,O=C(O[Na])c1cc(F)c(B(O[Na])O[Na])c(F)c1
77,[Na]OB(O[Na])c1c(Cl)cccc1O[Na]
78,FC(F)(F)c1cccc(O[Na])c1B(O[Na])O[Na]
79,O=C(O[Na])c1c(F)cccc1B(O[Na])O[Na]
80,Fc1cc(B(O[Na])O[Na])c(F)cc1O[Na]
81,Cc1cc(Cl)cc(O[Na])c1B(O[Na])O[Na]
82,COc1c(O[Na])cccc1B(O[Na])O[Na]
83,COc1ccc(B(O[Na])O[Na])cc1CC(=O)O[Na]
84,O=Cc1ccc(O[Na])c(B(O[Na])O[Na])c1
85,[Na]OB(O[Na])c1cncc(B(O[Na])O[Na])c1
86,C=CCB(O[Na])O[Na]
87,[Na]OB(CCB(O[Na])O[Na])O[Na]
88,COc1cc(B(O[Na])O[Na])ccc1O[Na]
89,C=C=CB(O[Na])O[Na]
90,[Na]OB(CB(O[Na])O[Na])O[Na]
91,[Na]OB(O[Na])c1cccc(O[Na])c1O[Na]
92,[Na]OB(CCl)O[Na]
93,N#CB(O[Na])O[Na]
94,O=CCB(O[Na])O[Na]
95,[Na]OB(O[Na])c1cccc(B(O[Na])O[Na])c1B(O[Na])O[Na]
96,COc1ccc(O[Na])c(B(O[Na])O[Na])c1
97,COc1ccc(B(O[Na])O[Na])cc1O[Na]
98,C#CB(O[Na])O[Na]
99,[Na]OB(O[Na])c1ccccc1B(O[Na])O[Na]
100,[Na]OB(O[Na])c1ccsc1B(O[Na])O[Na]
101,[Na]OB(CCCCB(O[Na])O[Na])O[Na]
102,[Na]OB(CCCB(O[Na])O[Na])O[Na]
103,[Na]OB(O[Na])c1cccc(Cl)c1O[Na]
104,O=C(O[Na])c1ccoc1B(O[Na])O[Na]
105,[Na]OB(O[Na])c1cc(O[Na])ccc1O[Na]
106,O=C(Cc1ccccc1B(O[Na])O[Na])O[Na]
107,[Na]OB(O[Na])c1cc2ccccc2cc1O[Na]
108,[Na]OB(CCCCCCB(O[Na])O[Na])O[Na]
109,[Na]OB(O[Na])c1ccc(Cl)cc1O[Na]
110,CC(CB(O[Na])O[Na])B(O[Na])O[Na]
111,CN(C(B(O[Na])O[Na])C(=O)O[Na])C(B(O[Na])O[Na])C(=O)O[Na]
112,[Na]OB(O[Na])C(B(O[Na])O[Na])(B(O[Na])O[Na])B(O[Na])O[Na]
113,CC(B(O[Na])O[Na])B(O[Na])O[Na]
114,CCC(B(O[Na])O[Na])B(O[Na])O[Na]
115,[Na]OB(O[Na])c1ccc(B(O[Na])O[Na])c(B(O[Na])O[Na])c1B(O[Na])O[Na]
116,O=C(O[Na])c1ccc(CCB(O[Na])O[Na])cc1
117,Fc1cc(O[Na])c(F)c(B(O[Na])O[Na])c1
118,O=C(O[Na])c1ccsc1B(O[Na])O[Na]
119,Fc1ccc(O[Na])c(B(O[Na])O[Na])c1F
120,Fc1cc(F)c(O[Na])c(B(O[Na])O[Na])c1
121,O=C(O[Na])B(F)F
122,Cc1cccc(B(O[Na])O[Na])c1O[Na]
123,FCB(O[Na])O[Na]
124,Fc1c(O[Na])ccc(B(O[Na])O[Na])c1F
125,Fc1ccc(O[Na])c(Cl)c1B(O[Na])O[Na]
126,O=C(O[Na])c1cc(F)cc(B(O[Na])O[Na])c1
127,FC(F)(F)c1cccc(B(O[Na])O[Na])c1O[Na]
128,O=C(O[Na])c1cc(B(O[Na])O[Na])cc(F)c1F
129,Fc1cc(B(O[Na])O[Na])cc(F)c1O[Na]
130,Fc1cc(F)c(B(O[Na])O[Na])cc1O[Na]
131,O=C(Cc1ccc(F)c(B(O[Na])O[Na])c1)O[Na]
132,Fc1cc(O[Na])c(B(O[Na])O[Na])cc1F
133,Fc1c(B(O[Na])O[Na])ccc(Cl)c1O[Na]
134,O=C(O[Na])C(F)B(C(F)C(=O)O[Na])C(F)C(=O)O[Na]
135,O=C(O[Na])c1c(F)cc(B(O[Na])O[Na])cc1F
136,O=C(O[Na])c1cc(B(O[Na])O[Na])cnc1F
137,O=C(O[Na])c1c(F)ccc(B(O[Na])O[Na])c1F
138,FC(F)(F)c1cc(B(O[Na])O[Na])ccc1O[Na]
139,Cc1ccc(F)c(B(O[Na])O[Na])c1O[Na]
140,FC(F)(F)c1ccc(O[Na])c(B(O[Na])O[Na])c1
141,O=C(O[Na])c1cccc(F)c1B(O[Na])O[Na]
142,Fc1c(B(O[Na])O[Na])cccc1B(O[Na])O[Na]
143,Fc1cc(B(O[Na])O[Na])cc(O[Na])c1F
144,Cc1ccc(O[Na])c(B(O[Na])O[Na])c1F
145,FC(F)(F)c1ccc(B(O[Na])O[Na])cc1O[Na]
146,O=C(O[Na])c1cc(F)c(B(O[Na])O[Na])cc1F
147,Fc1ccc(B(O[Na])O[Na])c(O[Na])c1F
148,Fc1c(Cl)cc(B(O[Na])O[Na])cc1O[Na]
149,Fc1ccc(B(O[Na])O[Na])c(B(O[Na])O[Na])c1
150,Fc1ccc(F)c(B(O[Na])O[Na])c1O[Na]
151,FC(F)(F)c1c(O[Na])cccc1B(O[Na])O[Na]
152,Fc1c(Cl)ccc(B(O[Na])O[Na])c1O[Na]
153,CCB(F)C(=O)O[Na]
154,CB(F)C(=O)O[Na]
155,Fc1c(F)c(B(O[Na])O[Na])c(F)c(F)c1O[Na]
156,O=C(O[Na])c1cc(B(O[Na])O[Na])cc(B(O[Na])O[Na])c1F
157,FCCB(O[Na])O[Na]
158,O=Cc1ccc(O[Na])c(F)c1B(O[Na])O[Na]
159,Fc1nccc(B(O[Na])O[Na])c1O[Na]
160,O=C(O[Na])c1cc(B(O[Na])O[Na])c(F)c(B(O[Na])O[Na])c1
161,Fc1cccc(O[Na])c1B(c1c(F)cccc1O[Na])c1c(F)cccc1O[Na]
162,Fc1ccc(B(O[Na])O[Na])cc1B(O[Na])O[Na]
163,Fc1cccc(O[Na])c1B(c1c(F)cccc1O[Na])c1c(O[Na])cccc1O[Na]
164,Fc1c(B(O[Na])O[Na])c(F)c(B(O[Na])O[Na])c(F)c1B(O[Na])O[Na]
165,Fc1c(Cl)ccc(O[Na])c1B(O[Na])O[Na]
166,Fc1ccc(Cl)c(O[Na])c1B(O[Na])O[Na]
167,O=C(CCCB(O[Na])O[Na])O[Na]
168,O=C(CCB(O[Na])O[Na])C(=O)O[Na]
169,CC(C)(B(O[Na])O[Na])B(O[Na])O[Na]
170,[Na]OB(O[Na])c1cc2ccccc2c(-c2c(O[Na])ccc3ccccc23)c1O[Na]
171,[Na]Oc1bnccc1
172,COB(OC)c1c(O[Na])cccc1O[Na]
173,[Na]OB(/C=C\B(O[Na])O[Na])O[Na]
174,Fc1c(O[Na])ccc(Cl)c1B(O[Na])O[Na]
175,CCOc1cc(O[Na])c(F)c(B(O[Na])O[Na])c1
176,Fc1c(O[Na])ccc(B(O[Na])O[Na])c1Cl
177,O=P(O[Na])(O[Na])C(F)(F)B(O[Na])O[Na]
178,Cc1c(B(O[Na])O[Na])ccc(F)c1C(=O)O[Na]
179,Fc1cc(B(O[Na])O[Na])ccc1B(O[Na])O[Na]
180,O=C(O[Na])c1ccc(F)c(F)c1B(O[Na])O[Na]
181,O=C(O[Na])c1cc(F)c(F)c(B(O[Na])O[Na])c1
182,O=C(O[Na])c1cc(F)cc(B(O[Na])O[Na])c1F
183,Cc1cc(B(O[Na])O[Na])c(F)c(C(=O)O[Na])c1
184,O=C(Cc1cccc(B(O[Na])O[Na])c1F)O[Na]
185,Cc1cc(F)cc(B(O[Na])O[Na])c1O[Na]
186,Fc1cc(Cl)c(O[Na])c(B(O[Na])O[Na])c1
187,Fc1c(O[Na])cc(B(O[Na])O[Na])c(F)c1F
188,Fc1cccc(B(O[Na])O[Na])c1B(O[Na])O[Na]
189,Fc1cc(O[Na])cc(B(O[Na])O[Na])c1F
190,Cc1c(O[Na])ccc(B(O[Na])O[Na])c1F
191,Fc1cc(O[Na])c(B(O[Na])O[Na])c(F)c1F
192,Cc1cc(O[Na])c(F)cc1B(O[Na])O[Na]
193,Fc1c(O[Na])cncc1B(O[Na])O[Na]
194,Fc1cncc(O[Na])c1B(O[Na])O[Na]
195,Fc1c(O[Na])cc(B(O[Na])O[Na])c2ccsc12
196,Fc1ccc(B(O[Na])O[Na])c2c(O[Na])csc12
197,Cc1cc(F)c(B(O[Na])O[Na])cc1O[Na]
198,Fc1cc(O[Na])c(Cl)cc1B(O[Na])O[Na]
199,O=C(Cc1cc(B(O[Na])O[Na])ccc1F)O[Na]
200,O=C(O[Na])c1cc(B(O[Na])O[Na])c(F)cc1F
201,FC=CB(O[Na])O[Na]
202,Fc1c(Cl)cc(O[Na])cc1B(O[Na])O[Na]
203,Fc1c(F)c(F)c(B(O[Na])O[Na])c(O[Na])c1F
204,Cc1cc(O[Na])c(F)c(B(O[Na])O[Na])c1
205,O=C(O[Na])c1ccc(F)c(B(O[Na])O[Na])c1F
206,Cc1c(F)cc(B(O[Na])O[Na])cc1O[Na]
207,COc1ccc(B(O[Na])O[Na])c(F)c1O[Na]
208,Fc1c(B(O[Na])O[Na])cc(O[Na])c(Cl)c1F
209,Fc1c(O[Na])cc(Cl)cc1B(O[Na])O[Na]
210,Cc1cc(B(O[Na])O[Na])c(F)cc1O[Na]
211,CSc1c(O[Na])ccc(B(O[Na])O[Na])c1F
212,COc1cc(F)cc(B(O[Na])O[Na])c1O[Na]
213,COc1c(F)cc(B(O[Na])O[Na])cc1O[Na]
214,Cc1c(F)ccc(B(O[Na])O[Na])c1O[Na]
215,COc1cc(B(O[Na])O[Na])c(F)cc1O[Na]
216,Fc1c(B(O[Na])O[Na])ccc(O[Na])c1Cl
217,Fc1cc(B(O[Na])O[Na])c(Cl)cc1O[Na]
218,Fc1cc(O[Na])c(O[Na])cc1B(O[Na])O[Na]
219,Fc1c(O[Na])ccc(B(O[Na])O[Na])c1O[Na]
220,O=Cc1ccc(C(=O)O[Na])c(F)c1B(O[Na])O[Na]
221,COc1ccc(O[Na])c(B(O[Na])O[Na])c1F
222,Fc1ccc(B(O[Na])O[Na])c(O[Na])c1Cl
223,Fc1cc(Cl)c(O[Na])cc1B(O[Na])O[Na]
224,O=C(O[Na])C12B3B4B5B6B4B6B4B(B53)B1C42C(=O)O[Na]
225,[Na]OB(O[Na])c1cc(Cl)cc(O[Na])c1Cl
226,BC(=O)O[Na]
227,CC=CB(O[Na])O[Na]
228,[Na]OB(O[Na])c1cccc(N(O[Na])O[Na])c1
229,O=C(C=Cc1ccccc1B(O[Na])O[Na])O[Na]
230,[Na]OB(O[Na])c1ccc(C(c2cc(Br)c(O[Na])cc2O[Na])c2cc(Br)c(O[Na])cc2O[Na])cc1
231,COc1ccc(B(O[Na])O[Na])c(OC)c1O[Na]
232,O=C(O[Na])c1cc(B(O[Na])O[Na])cc(B(O[Na])O[Na])c1
233,O=C(O[Na])c1ccc(B(O[Na])O[Na])o1
234,CCC(B(O[Na])O[Na])(C(=O)O[Na])C(=O)O[Na]
235,CCB(CC)C(=O)O[Na]
236,CC(C)c1ccc(O[Na])c(B(O[Na])O[Na])c1
237,Cc1ccc(B(O[Na])O[Na])c(O[Na])c1C
238,COc1cc(C)cc(B(O[Na])O[Na])c1O[Na]
239,Cc1cc(C)c(O[Na])c(B(O[Na])O[Na])c1
240,C=CCc1cccc(B(O[Na])O[Na])c1O[Na]
241,CCOc1cccc(B(O[Na])O[Na])c1O[Na]
242,CSc1ccc(B(O[Na])O[Na])cc1O[Na]
243,CC(B(O[Na])O[Na])(C(=O)O[Na])C(=O)O[Na]
244,CB(P(=O)(O[Na])O[Na])P(=O)(O[Na])O[Na]
245,C=BC(=O)O[Na]
246,COc1ccc(B(O[Na])O[Na])c(O[Na])c1
247,[Na]OB(/C=C/CB(O[Na])O[Na])O[Na]
248,CSc1ccc(B(O[Na])O[Na])c(O[Na])c1
249,Cc1cc(B(O[Na])O[Na])cc(C)c1CC(=O)O[Na]
250,[Na]OB(O[Na])c1nc(B(O[Na])O[Na])nc(B(O[Na])O[Na])n1
251,COC(OC)c1cc(O[Na])ccc1B(O[Na])O[Na]
252,COC(=O)c1cccc(O[Na])c1B(O[Na])O[Na]
253,[Na]OB(O[Na])c1cc(O[Na])cc(O[Na])c1
254,[Na]OB(O[Na])c1ccc(O[Na])cc1O[Na]
255,Cc1cc(B(O[Na])O[Na])ccc1B(O[Na])O[Na]
256,O=CB(O[Na])O[Na]
257,COc1cc(O[Na])ccc1B(O[Na])O[Na]
258,Cc1ccc(B(O[Na])O[Na])c(C(=O)O[Na])c1
259,O=C(CB(O[Na])O[Na])O[Na]
260,O=C(O[Na])B(O[Na])O[Na]
261,COc1cc(C(=O)O[Na])ccc1B(O[Na])O[Na]
262,Cc1cc(C(=O)O[Na])cc(C)c1B(O[Na])O[Na]
263,O=C(O[Na])c1cc(B(O[Na])O[Na])cc(C(=O)O[Na])n1
264,[Na]OB(O[Na])c1c(Cl)cc(Cl)cc1O[Na]
265,COc1ccc(B(O[Na])O[Na])cc1C(=O)O[Na]
266,O=C(O[Na])c1cc(Cl)cc(B(O[Na])O[Na])c1
267,COc1ccc(O[Na])cc1B(O[Na])O[Na]
268,O=C(O[Na])c1sccc1B(O[Na])O[Na]
269,Cc1cc(B(O[Na])O[Na])ccc1O[Na]
270,[Na]OB(O[Na])c1cccc(O[Na])c1Cl
271,O=C(O[Na])c1ccncc1B(O[Na])O[Na]
272,O=C(COc1ccc(B(O[Na])O[Na])cc1)O[Na]
273,[Na]OB(O[Na])c1ccc(Cl)c(O[Na])c1
274,COc1cc(B(O[Na])O[Na])cc(C(=O)O[Na])c1
275,Cc1cc(B(O[Na])O[Na])cc(C(=O)O[Na])c1
276,[Na]OB(O[Na])c1ccncc1O[Na]
277,Cc1cc(O[Na])cc(B(O[Na])O[Na])c1
278,Cc1ccc(B(O[Na])O[Na])cc1C(=O)O[Na]
279,COc1cccc(B(O[Na])O[Na])c1C(=O)O[Na]
280,[Na]OB(O[Na])c1cc(O[Na])c(Cl)cc1Cl
281,O=C(O[Na])c1cccc(B(O[Na])O[Na])c1Cl
282,Cc1cc(B(O[Na])O[Na])cc(C)c1O[Na]
283,COc1cc(B(O[Na])O[Na])cc(Cl)c1O[Na]
284,N#Cc1ccc(O[Na])c(B(O[Na])O[Na])c1
285,[Na]OB(O[Na])c1ncccc1O[Na]
286,Cc1c(B(O[Na])O[Na])cccc1C(=O)O[Na]
287,CSc1cccc(B(O[Na])O[Na])c1O[Na]
288,CC(C)(C)c1ccc(O[Na])c(O[Na])c1B(O[Na])O[Na]
289,O=C(CB(CC(=O)O[Na])CC(=O)O[Na])O[Na]
290,CCCC(B(O[Na])O[Na])B(O[Na])O[Na]
291,Cc1cc(B(O[Na])O[Na])cc(B(O[Na])O[Na])c1
292,O=C(O[Na])c1ccc(CB(O[Na])O[Na])cc1
293,[Na]OB(CCCOCCCB(O[Na])O[Na])O[Na]
294,[Na]OB(CCCCCCCB(O[Na])O[Na])O[Na]
295,COc1ccc(B(O[Na])O[Na])c(C(=O)O[Na])c1
296,COc1ccc(C(=O)O[Na])c(B(O[Na])O[Na])c1
297,[Na]OB(O[Na])c1ccc2cccnc2c1O[Na]
298,[Na]OB(O[Na])c1ccc2ccccc2c1O[Na]
299,[Na]OB(O[Na])c1c(O[Na])ccc2ccccc12
300,[Na]OB(O[Na])c1ccc(O[Na])c2ccccc12
301,[Na]OB(O[Na])c1cncc(O[Na])c1
302,O=C(O[Na])B(C(=O)O[Na])C(=O)O[Na]
303,CCCB(CC(=O)O[Na])CC(=O)O[Na]
304,O=C(CB(CC(=O)O[Na])c1ccccc1)O[Na]
305,CC(B(C(C)C(=O)O[Na])C(C)C(=O)O[Na])C(=O)O[Na]
306,COCB(O[Na])O[Na]
307,[Na]OB(O[Na])c1ccc(O[Na])c(O[Na])c1
308,[Na]OB(O[Na])c1cccc(B(O[Na])O[Na])n1
309,[Na]OB(O[Na])c1ccc(B(O[Na])O[Na])nc1
310,CCOc1ccc(C(=O)O[Na])cc1B(O[Na])O[Na]
311,Cc1ccc(O[Na])cc1B(O[Na])O[Na]
312,O=C(O[Na])c1cc(B(O[Na])O[Na])cnc1Cl
313,[Na]OB(O[Na])c1cc(Cl)c(O[Na])c(Cl)c1
314,COc1cc(B(O[Na])O[Na])cc(OC)c1O[Na]
315,O=C(O[Na])C1=CC=C(B(O[Na])O[Na])C1
316,[Na]OB(CP)O[Na]
317,CC(C)(C)c1ccc(B(O[Na])O[Na])c(O[Na])c1
318,CB(C)C(=O)O[Na]
319,[Na]OB(O[Na])C1CCC1B(O[Na])O[Na]
320,O=BC=NCC(=O)O[Na]
321,O=BCN(CC(=O)O[Na])CC(=O)O[Na]
322,CBOB(O[Na])O[Na]
323,O=BC(=O)O[Na]
324,[Na]Oc1bcco1
325,[Na]Oc1ccbo1
326,O=C(O[Na])OB(OC(=O)O[Na])c1ccccc1
327,Cc1c(O[Na])cccc1B(O[Na])O[Na]
328,[Na]OB(O[Na])c1ccnc(B(O[Na])O[Na])c1
329,[Na]Oc1bccnc1
330,Cc1cccc(C(=O)O[Na])c1B(O[Na])O[Na]
331,Cc1ccc(C(=O)O[Na])c(B(O[Na])O[Na])c1
332,C=Cc1ccc(B(O[Na])O[Na])c(O[Na])c1
333,COc1cccc(O[Na])c1B(O[Na])O[Na]
334,COC(=O)c1cc(B(O[Na])O[Na])ccc1O[Na]
335,COC(=O)c1ccc(O[Na])c(B(O[Na])O[Na])c1
336,CC(C)(C)c1cc(O[Na])ccc1B(O[Na])O[Na]
337,COC(=O)c1ccc(B(O[Na])O[Na])cc1O[Na]
338,COc1cccc(C(=O)O[Na])c1B(O[Na])O[Na]
339,O=C(c1ccc(B(O[Na])O[Na])cc1O[Na])c1cc(O[Na])ccc1O[Na]
340,N#CCc1c(O[Na])cccc1B(O[Na])O[Na]
341,O=C(c1ccc(O[Na])cc1O[Na])c1ccc(B(O[Na])O[Na])cc1O[Na]
342,CCc1c(O[Na])cccc1B(O[Na])O[Na]
343,Cc1c(O[Na])ccc(Cl)c1B(O[Na])O[Na]
344,COc1ccc(O[Na])c(C)c1B(O[Na])O[Na]
345,[Na]OB(O[Na])c1ccnc(B(O[Na])O[Na])n1
346,COC(=O)c1cc(O[Na])ccc1B(O[Na])O[Na]
347,O=C(O[Na])OB(O[Na])c1ccc(C(=O)O[Na])cc1
348,O=C(O[Na])c1bocc1
349,C=CCc1cc(B(O[Na])O[Na])ccc1O[Na]
350,[Na]OB(O[Na])c1cc(O[Na])c(B(O[Na])O[Na])cc1O[Na]
351,[Na]OB(O[Na])c1cc(Cl)cc(Cl)c1O[Na]
352,C=C(C(=O)O[Na])c1ccc(B(O[Na])O[Na])cc1
353,[Na]OB(O[Na])c1nnsc1B(O[Na])O[Na]
354,CCc1c(B(O[Na])O[Na])cccc1C(=O)O[Na]
355,[Na]OB(O[Na])C(B(O[Na])O[Na])=C1CCCCC1
356,[Na]OB(C=CB(O[Na])O[Na])O[Na]
357,O=C(O[Na])c1cc2c(cc1B(O[Na])O[Na])OCO2
358,CCOC(=O)c1ccc(O[Na])c(B(O[Na])O[Na])c1
359,O=C(O[Na])c1cc(Cl)ncc1B(O[Na])O[Na]
360,[Na]OB(O[Na])c1ccnc(Cl)c1O[Na]
361,[Na]OB(O[Na])c1cc(Cl)ncc1O[Na]
362,N#Cc1cc(O[Na])cc(B(O[Na])O[Na])c1
363,COc1cc(O[Na])cc(B(O[Na])O[Na])c1
364,COC(=O)c1cc(O[Na])cc(B(O[Na])O[Na])c1
365,O=C(O[Na])c1occc1B(O[Na])O[Na]
366,O=Cc1ccc(O[Na])cc1B(O[Na])O[Na]
367,[Na]OB(C=CCB(O[Na])O[Na])O[Na]
368,CC(C)c1cc(B(O[Na])O[Na])ccc1O[Na]
369,N#Cc1ccc(B(O[Na])O[Na])cc1O[Na]
370,[Na]OB(O[Na])c1cc(C=Cc2ccc(O[Na])cc2)cc(B(O[Na])O[Na])c1
371,[Na]OB(Cc1ccc(O[Na])cc1)O[Na]
372,Cc1cc(B(O[Na])O[Na])c(O[Na])cc1Cl
373,CC(CC(=O)O[Na])B(O[Na])O[Na]
374,O=Cc1cccc(B(O[Na])O[Na])c1O[Na]
375,O=C(O[Na])C(=O)B(O[Na])O[Na]
376,CCCCC(B(O[Na])O[Na])B(O[Na])O[Na]
377,[Na]OB(CC(B(O[Na])O[Na])B(O[Na])O[Na])O[Na]
378,CC(C)(CB(O[Na])O[Na])B(O[Na])O[Na]
379,O=C(O[Na])OC(=O)c1ccc(B(O[Na])O[Na])cc1
380,C=CC(C)(C(B(O[Na])O[Na])B(O[Na])O[Na])C(B(O[Na])O[Na])B(O[Na])O[Na]
381,Cc1cc(O[Na])cc(C)c1B(O[Na])O[Na]
382,N#Cc1cc(B(O[Na])O[Na])ccc1O[Na]
383,O=C(O[Na])C1=CCCC(B(O[Na])O[Na])=C1
384,O=C(CC/C=C/B(O[Na])O[Na])O[Na]
385,O=C(O[Na])C1CCC(B(O[Na])O[Na])CC1
386,Cc1cccc(O[Na])c1B(O[Na])O[Na]
387,N#Cc1cc(B(O[Na])O[Na])cc(B(O[Na])O[Na])c1
388,O=BCC(=O)O[Na]
389,CC(C)(B(O[Na])O[Na])C(=O)O[Na]
390,CC(C)(CB(O[Na])O[Na])CB(O[Na])O[Na]
391,CC(C)(C)C(C)(B(O[Na])O[Na])B(O[Na])O[Na]
392,Cc1c(B(O[Na])O[Na])cccc1B(O[Na])O[Na]
393,Bc1ccc(O[Na])cc1
394,[Na]OB(O[Na])c1cc(O[Na])cc2ccccc12
395,Cc1cc(C)c(B(O[Na])O[Na])c(O[Na])c1
396,[Na]OB(O[Na])c1cocc1B(O[Na])O[Na]
397,CCCCCC(B(O[Na])O[Na])B(O[Na])O[Na]
398,[Na]OB(O[Na])c1cc(O[Na])cnc1Cl
399,[Na]OB(O[Na])c1cscc1B(O[Na])O[Na]
400,CB1CC(C(=O)O[Na])C1
401,O=Cc1ccc(B(O[Na])O[Na])cc1O[Na]
402,BC(=O)C(=O)O[Na]
403,O=C(CC(Cc1ccccc1)B(O[Na])O[Na])O[Na]
404,O=C(O[Na])C(B(O[Na])O[Na])c1ccccc1
405,[Na]OB(O[Na])c1cc(O[Na])cc(B(O[Na])O[Na])c1
406,CB=C(C)CC(=O)O[Na]
407,O=C(CCC=CB(O[Na])O[Na])O[Na]
408,CC(C)Oc1ccc(O[Na])cc1B(O[Na])O[Na]
409,[Na]OB(O[Na])c1ccc(O[Na])c(B(O[Na])O[Na])c1
410,CC(C)Oc1cc(B(O[Na])O[Na])ccc1O[Na]
411,[Na]OB(O[Na])c1ccc(B(O[Na])O[Na])o1
412,[Na]OB(O[Na])c1cccc2c(O[Na])cccc12
413,CCOC(=O)c1ccc(B(O[Na])O[Na])cc1O[Na]
414,[Na]OB(CCCCCB(O[Na])O[Na])O[Na]
415,[Na]OB(O[Na])C1CCCCC1B(O[Na])O[Na]
416,[Na]OB(O[Na])c1ccc(O[Na])c(O[Na])c1O[Na]
417,CC#CB(O[Na])O[Na]
418,Cc1nccc(B(O[Na])O[Na])c1O[Na]
419,[Na]OB(O[Na])c1ccc2cccc(O[Na])c2n1
420,N#Cc1cccc(O[Na])c1B(O[Na])O[Na]
421,[Na]OB(O[Na])c1ccc(O[Na])c(Cl)c1Cl
422,[Na]OB(O[Na])c1cc(O[Na])c2cccnc2c1
423,[Na]OB(O[Na])c1c(O[Na])ccc2cccnc12
424,[Na]OB(O[Na])c1ccc2ncccc2c1O[Na]
425,O=C(O[Na])c1c(Cl)cccc1B(O[Na])O[Na]
426,O=C(O[Na])B1B=B1
427,[Na]OB(C#CB(O[Na])O[Na])O[Na]
428,COB1c2c(O[Na])cccc2-c2cccc(O[Na])c21
429,CB1c2ccc(O[Na])cc2-c2cc(O[Na])ccc21
430,COB1c2cccc(O[Na])c2-c2c(O[Na])cccc21
431,COB(OC)c1cc(/C=C/c2ccc(O[Na])c(O[Na])c2)ccc1O[Na]
432,[Na]OB(O[Na])c1sccc1O[Na]
433,N#Cc1ccc(B(O[Na])O[Na])c(B(O[Na])O[Na])c1
434,O=C(Cc1cc(B(O[Na])O[Na])ccc1B(O[Na])O[Na])O[Na]
435,O=C(O[Na])c1cccc(B(O[Na])O[Na])c1B(O[Na])O[Na]
436,O=C(C=CB(O[Na])O[Na])O[Na]
437,O=C(CCCCC=CB(O[Na])O[Na])O[Na]
438,[Na]OB(O[Na])C1CCC(B(O[Na])O[Na])CC1
439,O=C(O[Na])B1CCCC1
440,O=C(/C=C/C1CCCC(B(O[Na])O[Na])C1)O[Na]
441,O=C(CC1CCC(B(O[Na])O[Na])CC1)O[Na]
442,O=C(/C=C/C1CCC(B(O[Na])O[Na])CC1)O[Na]
443,O=C(/C=C/c1c(B(O[Na])O[Na])c(B(O[Na])O[Na])c(/C=C/C(=O)O[Na])c(B(O[Na])O[Na])c1B(O[Na])O[Na])O[Na]
444,N#Cc1cccc(B(O[Na])O[Na])c1O[Na]
445,O=C(O[Na])OB(OC(=O)O[Na])C(=O)O[Na]
446,O=C(c1ccc(O[Na])cc1O[Na])c1ccc(B2OCCO2)cc1O[Na]
447,O=C(O[Na])c1bcco1
448,[Na]OB(CC(B(O[Na])O[Na])C(CB(O[Na])O[Na])B(O[Na])O[Na])O[Na]
449,CC(=O)B(O[Na])O[Na]
450,[Na]OB(O[Na])c1ccoc1B(O[Na])O[Na]
451,C=CB(O[Na])Oc1cccc(O[Na])c1O[Na]
452,O=C(O[Na])C1(B(O[Na])O[Na])CC1
453,[Na]OB(O[Na])c1cnc(B(O[Na])O[Na])c(B(O[Na])O[Na])c1B(O[Na])O[Na]
454,Cc1ccc(C(=O)O[Na])c(B(O[Na])O[Na])c1B(O[Na])O[Na]
455,[Na]OB(O[Na])C1=CC1
456,O=C(O[Na])B(C(=O)O[Na])c1ccccc1
457,[Na]Oc1bc(O[Na])oc1
458,[Na]OB(O[Na])B1CC1
459,[Na]OB(O[Na])c1occc1O[Na]
460,Cc1c(O[Na])ccc(C=O)c1B(O[Na])O[Na]
461,[Na]OB(O[Na])c1cc2cccnc2cc1O[Na]
462,[Na]OB(O[Na])c1c(O[Na])ccc2ncccc12
463,[Na]OB(O[Na])c1c(O[Na])cnc2ccccc12
464,N#Cc1ccc(B(O[Na])O[Na])c(O[Na])c1
465,[Na]OB(O[Na])c1cccc2cccc(O[Na])c12
466,[Na]OB(O[Na])c1cc(O[Na])cc2ncccc12
467,[Na]OB(O[Na])c1c(O[Na])cncc1O[Na]
468,Cc1cbc(O[Na])cc1
469,Cc1ccc(B(O[Na])O[Na])c(B(O[Na])O[Na])c1
470,COc1c(O[Na])c(O[Na])c(O[Na])c(OC)c1B(O[Na])O[Na]
471,O=C(O[Na])c1ncccc1B(O[Na])O[Na]
472,[Na]OB(O[Na])c1c(O[Na])c(O[Na])c(Br)c(O[Na])c1O[Na]
473,CB1OC(=O)C(CC(=O)O[Na])(CC(=O)O[Na])O1
474,[Na]OB(O[Na])c1cc(B(O[Na])O[Na])nc(B(O[Na])O[Na])c1
475,O=C(O[Na])B1CCOO1
476,O=C(O[Na])C1=CC=C(B(O[Na])O[Na])CC1
477,[Na]OB(O[Na])c1c(O[Na])ccc2c1OCCO2
478,C=C(/C=C\C(=C)C(=O)O[Na])B(O[Na])O[Na]
479,CC(B(O[Na])O[Na])C(C)c1ccccc1O[Na]
480,Cc1bc(O[Na])c(O[Na])cc1
481,O=C(O[Na])c1ccccc1CB(O[Na])O[Na]
482,[Na]OB(O[Na])C1CCCC(B(O[Na])O[Na])C1
483,[Na]OB(O[Na])c1c(O[Na])c(O[Na])c(O[Na])c(O[Na])c1O[Na]
484,[Na]OB(O[Na])c1c(O[Na])c(O[Na])c(Oc2ccccc2)c(O[Na])c1O[Na]
485,CC1C=C(C(=O)O[Na])C=CC1B(O[Na])O[Na]
486,N#Cc1cccc(C(=O)O[Na])c1B(O[Na])O[Na]
487,C=C/C(=C\C=C\B(O[Na])O[Na])C(=O)O[Na]
488,CC1(C)OB(c2c(O[Na])c(O[Na])c(O[Na])c(O[Na])c2O[Na])OC1(C)C
489,Cc1ccc(CC(=O)O[Na])cc1B(O[Na])O[Na]
490,Cc1cc(C)c(C(=O)O[Na])c(B(O[Na])O[Na])c1
491,[Na]Oc1cbcc(O[Na])c1
492,O=C(O[Na])c1ccbo1
493,CC1(C)OB(c2c(O[Na])cc(O[Na])cc2O[Na])OC1(C)C
494,[Na]Oc1bnncc1
495,CC(B(O[Na])O[Na])C(=O)O[Na]
496,[Na]OB(O[Na])c1cccnc1B(O[Na])O[Na]
497,[Na]OB(COCB(O[Na])O[Na])O[Na]
498,[Na]OB(CCOCCB(O[Na])O[Na])O[Na]
499,CC(B(O[Na])O[Na])C(B(O[Na])O[Na])C(C)B(O[Na])O[Na]
500,O=C(O[Na])c1cccnc1B(O[Na])O[Na]
501,O=C(O[Na])B1OCCO1
502,[Na]Oc1bocc1
503,[Na]OB(O[Na])c1coc(B(O[Na])O[Na])c1
504,CC(C)B1OC(C(=O)O[Na])C(C(=O)O[Na])O1
505,[Na]OB(O[Na])c1cc(O[Na])c2c(c1O[Na])C2
506,CCCCCCC(B(O[Na])O[Na])B(O[Na])O[Na]
507,Cc1ccc(Cl)c(B(O[Na])O[Na])c1O[Na]
508,[Na]OB(O[Na])C1=C(B(O[Na])O[Na])CCCC1
509,CC1(B(O[Na])O[Na])C=CC=CC1C(=O)O[Na]
510,N#CB(CCCC(=O)O[Na])CCCC(=O)O[Na]
511,O=Cc1cc(O[Na])ccc1B(O[Na])O[Na]
512,O=Cc1c(O[Na])cc(B(O[Na])O[Na])cc1O[Na]
513,[Na]Oc1cbccc1
514,COc1c(O[Na])cc(C)c(B(O[Na])O[Na])c1C
515,CC(=O)c1ccc(O[Na])c(B(O[Na])O[Na])c1
516,CC(C)c1ccc(B(O[Na])O[Na])c(O[Na])c1
517,CSc1ccc(O[Na])c(B(O[Na])O[Na])c1
518,O=C1CCc2cc(B(O[Na])O[Na])c(O[Na])cc21
519,Cc1cccc(B(O[Na])O[Na])c1B(O[Na])O[Na]
520,CCc1cccc(O[Na])c1B(O[Na])O[Na]
521,COc1cc(B(O[Na])O[Na])cc(O[Na])c1C=O
522,Cc1c(B(O[Na])O[Na])c(C)c(B(O[Na])O[Na])c(C)c1B(O[Na])O[Na]
523,CCC/C(=C/B(O[Na])O[Na])B(O[Na])O[Na]
524,O=C(O[Na])C12BBBBBBBBC(C(=O)O[Na])(B1)B2
525,N#Cc1cc(B(O[Na])O[Na])cc(C(=O)O[Na])c1
526,COc1cc(O[Na])c(B(O[Na])O[Na])cc1OC
527,COc1ccc(B(O[Na])O[Na])c(O[Na])c1OC
528,[Na]OB(O[Na])C1=C(B(O[Na])O[Na])CSC=C1
529,O=C(O[Na])C(CB(O[Na])O[Na])C(=O)O[Na]
530,C=CCB1OC(C(=O)O[Na])C(C(=O)O[Na])O1
531,Cc1bcccc1O[Na]
532,Cc1c(O[Na])ccc(B(O[Na])O[Na])c1C
533,O=C(/C=C\c1ccccc1B(O[Na])O[Na])O[Na]
534,[Na]OB(O[Na])c1cc2ccccc2c(-c2c(O[Na])c(B(O[Na])O[Na])cc3ccccc23)c1O[Na]
535,C=Cc1c(B(O[Na])O[Na])cccc1C(=O)O[Na]
536,[Na]OB(O[Na])c1csc(B(O[Na])O[Na])c1
537,Cc1cc(B(O[Na])O[Na])c(O[Na])s1
538,[Na]OB(C#Cc1cccc(O[Na])c1)O[Na]
539,Cc1ccc(CB(O[Na])O[Na])c(O[Na])c1
540,CB(C)c1ccc(O[Na])c(O[Na])c1
541,[Na]OB(O[Na])B1CO1
542,C#CCB(O[Na])O[Na]
543,O=C(O[Na])Oc1ccc(B(O[Na])O[Na])s1
544,O=C(O[Na])c1cccc(Cl)c1B(O[Na])O[Na]
545,O=Bc1cccc(O[Na])c1O[Na]
546,Cc1ccc(B(O[Na])O[Na])c(O[Na])c1O[Na]
547,C=C(Cc1ccccc1B(O[Na])O[Na])C(=O)O[Na]
548,COB(O[Na])c1ccc(O[Na])c(O[Na])c1
549,COB(O[Na])c1cc(O[Na])cc(O[Na])c1
550,COB(O[Na])c1cccc(O[Na])c1O[Na]
551,COB(O[Na])c1c(O[Na])cccc1O[Na]
552,COB(O[Na])c1cc(O[Na])ccc1O[Na]
553,O=C(O[Na])B1C=COC1
554,COc1c(O[Na])ccc(B(O[Na])O[Na])c1OC
555,CCC1(B(O[Na])O[Na])C=CC=CC1C(=O)O[Na]
556,C=C(C(=O)O[Na])c1ccccc1B(O[Na])O[Na]
557,O=C(O[Na])c1cc(B(O[Na])O[Na])c(C(=O)O[Na])s1
558,O=Cc1cc(O[Na])cc(B(O[Na])O[Na])c1
559,CC(=O)c1cc(O[Na])cc(B(O[Na])O[Na])c1
560,O=Cc1c(O[Na])cncc1B(O[Na])O[Na]
561,Cc1ccc(B(O[Na])O[Na])cc1B(O[Na])O[Na]
562,O=C(O[Na])c1csc(B(O[Na])O[Na])n1
563,O=C(O[Na])c1cc(B(O[Na])O[Na])ccc1O[Na]
564,O=C(O[Na])c1ccc(O[Na])c(B(O[Na])O[Na])c1
565,O=C(O[Na])c1cccc(B(O[Na])O[Na])c1O[Na]
566,O=Nc1cc(C(=O)O[Na])ccc1B(O[Na])O[Na]
567,[Na]OB(O[Na])c1c(Cl)cc(O[Na])cc1Cl
568,CC(C)=C(B(O[Na])O[Na])B(O[Na])O[Na]
569,[Na]OB(O[Na])C1=CC=CC1B(O[Na])O[Na]
570,C=CC(B(O[Na])O[Na])C(=O)O[Na]
571,O=C(/C=C/CB(O[Na])O[Na])O[Na]
572,CB(C)P(O[Na])(O[Na])(O[Na])O[Na]
573,O=C(CCSCCB(O[Na])O[Na])O[Na]
574,COc1cc(B(O[Na])O[Na])ccc1CC(=O)O[Na]
575,CCc1ccc(B(O[Na])O[Na])cc1O[Na]
576,N#Cc1cc(B(O[Na])O[Na])ccc1C(=O)O[Na]
577,O=C(O[Na])c1ncc(B(O[Na])O[Na])cc1Cl
578,[Na]OB(O[Na])c1ccc(B(O[Na])OC(OB(O[Na])c2ccc(B(O[Na])O[Na])c(B(O[Na])O[Na])c2B(O[Na])O[Na])(OB(O[Na])c2ccc(B(O[Na])O[Na])c(B(O[Na])O[Na])c2B(O[Na])O[Na])OB(O[Na])c2ccc(B(O[Na])O[Na])c(B(O[Na])O[Na])c2B(O[Na])O[Na])c(B(O[Na])O[Na])c1B(O[Na])O[Na]
579,O=C(CSc1ccc(B(O[Na])O[Na])cc1)O[Na]
580,O=C(BC(=O)O[Na])O[Na]
581,N#CBC(=O)O[Na]
582,[Na]OB(O[Na])C(B(O[Na])O[Na])=C1C=CC=C1
583,O=C(O[Na])c1cc(B(O[Na])O[Na])c(C(=O)O[Na])cc1B(O[Na])O[Na]
584,C=C=CCB1OC(C(=O)O[Na])C(C(=O)O[Na])O1
585,COc1ccc(/C=C/B(O[Na])O[Na])cc1O[Na]
586,O=C(C#CB(C#CC(=O)O[Na])C#CC(=O)O[Na])O[Na]
587,O=C(O[Na])c1ccc2c(c1B(O[Na])O[Na])OCO2
588,[Na]OB(O[Na])c1c(Cl)ccc(O[Na])c1Cl
589,CN(C(=O)O[Na])c1ccc(B(O[Na])O[Na])cc1
590,N#CCCCCC(B(O[Na])O[Na])B(O[Na])O[Na]
591,COc1cc(Cl)c(O[Na])c(B(O[Na])O[Na])c1
592,Cc1cc(B(O[Na])O[Na])cc(C)c1C(=O)O[Na]
593,[Na]OB(O[Na])c1cc(O[Na])cc(Cl)c1Cl
594,CC(C)(C)c1cccc(B(O[Na])O[Na])c1O[Na]
595,O=C(CSCCB(O[Na])O[Na])O[Na]
596,O=C(O[Na])c1ncc(B(O[Na])O[Na])cn1
597,CCOc1cc(B(O[Na])O[Na])ccc1O[Na]
598,CC(C)c1cccc(B(O[Na])O[Na])c1O[Na]
599,COC(OC)c1cc(B(O[Na])O[Na])ccc1O[Na]
600,[Na]OB(O[Na])c1c(O[Na])ccc2c1OCO2
601,CCOC(=O)c1cc(O[Na])cc(B(O[Na])O[Na])c1
602,[Na]OB(O[Na])Oc1ccccc1B(O[Na])O[Na]
603,[Na]OB(O[Na])c1cc(O[Na])c(Br)cc1O[Na]
604,O=C(O[Na])C1CC1B(O[Na])O[Na]
605,O=C(Cc1ncc(B(O[Na])O[Na])cn1)O[Na]
606,[Na]OB(O[Na])c1c(Cl)cncc1O[Na]
607,Cc1ccc(B(O[Na])O[Na])c2c(O[Na])csc12
608,Cc1ccc(O[Na])c(B(O[Na])O[Na])c1C
609,Cc1ccc2scc(O[Na])c2c1B(O[Na])O[Na]
610,[Na]OB(O[Na])c1c(O[Na])ccc2scc(O[Na])c12
611,[Na]OB(O[Na])c1c(O[Na])ccc(Cl)c1Cl
612,CCOc1cc(C)cc(B(O[Na])O[Na])c1O[Na]
613,Cc1cc(Cl)c(O[Na])c(B(O[Na])O[Na])c1
614,CC(C)(C)c1cc(B(O[Na])O[Na])ccc1O[Na]
615,Cc1cc(Cl)cc(B(O[Na])O[Na])c1O[Na]
616,Cc1cc(B(O[Na])O[Na])c(C)cc1O[Na]
617,CC(C)Oc1cccc(B(O[Na])O[Na])c1O[Na]
618,CSc1cc(B(O[Na])O[Na])ccc1O[Na]
619,COc1nccc(B(O[Na])O[Na])c1O[Na]
620,N#CCCc1cc(O[Na])ccc1B(O[Na])O[Na]
621,CCC(=O)c1ccc(O[Na])c(B(O[Na])O[Na])c1
622,N#CCB(O[Na])O[Na]
623,N#Cc1c(O[Na])cncc1B(O[Na])O[Na]
624,[Na]OB(O[Na])c1ccc(Cl)c(O[Na])c1Cl
625,Cc1cc(O[Na])c(Cl)cc1B(O[Na])O[Na]
626,Cc1c(Cl)ccc(B(O[Na])O[Na])c1O[Na]
627,COc1cc(OC)c(B(O[Na])O[Na])c(O[Na])c1
628,COC(=O)c1cccc(B(O[Na])O[Na])c1O[Na]
629,O=C(CCCCB(O[Na])O[Na])O[Na]
630,C/C=C(\C=C/CB(O[Na])O[Na])B(O[Na])O[Na]
631,CB(C#N)CC(=O)O[Na]
632,COc1c(B(O[Na])O[Na])cc(C)cc1C(=O)O[Na]
633,Cc1cc(O[Na])c(B(O[Na])O[Na])cc1C
634,[Na]OB(O[Na])c1ccc(Cl)c(Cl)c1O[Na]
635,CC1=C(B(O[Na])O[Na])CCC(C(=O)O[Na])C1
636,Cc1cbcc(O[Na])c1
637,CB(O[Na])c1cc(B(O[Na])O[Na])c(O[Na])cc1O[Na]
638,CB(O[Na])c1ccc(O[Na])c(B(O[Na])O[Na])c1
639,O=Cc1cc(B(O[Na])O[Na])cc(C(=O)O[Na])c1
640,CCc1cc(O[Na])cc(B(O[Na])O[Na])c1
641,Cc1cc(O[Na])c(B(O[Na])O[Na])cc1Cl
642,Cc1cc(C=O)c(O[Na])cc1/C=C/B(O[Na])O[Na]
643,Cc1csc(B(O[Na])O[Na])c1C(=O)O[Na]
644,[Na]OB(O[Na])c1cc(Cl)c(O[Na])cc1Cl
645,Cc1cc(B(O[Na])O[Na])c(Cl)cc1O[Na]
646,Cc1ccc(B(O[Na])O[Na])c(O[Na])c1Cl
647,Cc1cc(B(O[Na])O[Na])c(CC(=O)O[Na])s1
648,COc1ccc(B(O[Na])O[Na])c(C)c1C(=O)O[Na]
649,O=C(COc1cccc(B(O[Na])O[Na])c1)O[Na]
650,C/C(=C\B(O[Na])O[Na])C(=O)O[Na]
651,COc1cc(C=O)c(B(O[Na])O[Na])cc1O[Na]
652,COc1ccc(B(O[Na])O[Na])c(C=O)c1O[Na]
653,COc1cc(B(O[Na])O[Na])c(C=O)cc1O[Na]
654,O=Cc1c(O[Na])cccc1B(O[Na])O[Na]
655,CSc1ccc(C(=O)O[Na])cc1B(O[Na])O[Na]
656,[Na]OB(/C=C/c1ccc(O[Na])cc1)O[Na]
657,COc1cc(/C=C/B(O[Na])O[Na])ccc1O[Na]
658,COC(=O)c1ccc(B(O[Na])O[Na])c(O[Na])c1
659,CC(C)(C)c1cc(O[Na])cc(B(O[Na])O[Na])c1
660,O=C(O[Na])C12CC(B(O[Na])O[Na])(C1)C2
661,CC(=O)c1cc(B(O[Na])O[Na])ccc1O[Na]
662,O=Cc1ccc(C(=O)O[Na])cc1B(O[Na])O[Na]
663,[Na]OB(O[Na])c1cc(Cl)c(O[Na])cc1O[Na]
664,[Na]OB(O[Na])c1cc(O[Na])c(O[Na])cc1O[Na]
665,[Na]OB(O[Na])c1ccc(O[Na])c(Cl)c1O[Na]
666,[Na]OB(O[Na])c1ccc(O[Na])c(O[Na])c1Cl
667,O=C(CCCB(O[Na])O[Na])CCB(O[Na])O[Na]
668,O=Cc1cc(C(=O)O[Na])ccc1B(O[Na])O[Na]
669,CCOC(=O)CC(B1OC(C)(C)C(C)(C)O1)c1ccc(O[Na])c(O[Na])c1O[Na]
670,CC(C)Cc1cc(B(O[Na])O[Na])ccc1O[Na]
671,[Na]OB(O[Na])c1cc(O[Na])c(O[Na])cc1Cl
672,O=Cc1cccc(C(=O)O[Na])c1B(O[Na])O[Na]
673,[Na]OB(O[Na])O[Na]
674,O=C(/C=C/c1ccc(B(O[Na])O[Na])cc1)O[Na]
675,CCOB(O[Na])O[Na]
676,[Na]OB(O[Na])B(O[Na])O[Na]
677,O=C(O[Na])c1ccccc1B(O[Na])O[Na]
678,C/C=C/B(O[Na])O[Na]
679,COc1cccc(B(O[Na])O[Na])c1O[Na]
680,Cc1ccc(C(=O)O[Na])cc1B(O[Na])O[Na]
681,COc1c(B(O[Na])O[Na])cccc1C(=O)O[Na]
682,[Na]OB(O[Na])OB(O[Na])OB(O[Na])O[Na]
683,Cc1ccc(B(O[Na])O[Na])cc1O[Na]
684,O=C(O[Na])c1cccc(B(O[Na])O[Na])c1F
685,O=C(O[Na])c1ccc(F)cc1B(O[Na])O[Na]
686,Cc1ccc(B(O[Na])O[Na])c(O[Na])c1
687,Cc1cc(C(=O)O[Na])ccc1B(O[Na])O[Na]
688,O=C(Cc1cccc(B(O[Na])O[Na])c1)O[Na]
689,[Na]OB(O[Na])c1ccc2ccc(O[Na])cc2c1
690,O=C(O[Na])c1cc(Cl)ccc1B(O[Na])O[Na]
691,O=C(O[Na])c1cc(B(O[Na])O[Na])ccn1
692,COc1ccc(C(=O)O[Na])cc1B(O[Na])O[Na]
693,O=C(O[Na])c1cc(B(O[Na])O[Na])cs1
694,O=C(O[Na])c1ccc(Cl)cc1B(O[Na])O[Na]
695,Fc1ccc(O[Na])c(F)c1B(O[Na])O[Na]
696,FC(F)(F)c1cc(O[Na])cc(B(O[Na])O[Na])c1
697,FC(F)(F)c1ccc(B(O[Na])O[Na])c(O[Na])c1
698,[Na]OB(O[Na])c1cc(Cl)cc(O[Na])c1
699,O=C(O[Na])c1cc(F)c(B(O[Na])O[Na])c(F)c1
700,[Na]OB(O[Na])c1c(Cl)cccc1O[Na]
701,FC(F)(F)c1cccc(O[Na])c1B(O[Na])O[Na]
702,Cc1cc(Cl)cc(O[Na])c1B(O[Na])O[Na]
703,COc1c(O[Na])cccc1B(O[Na])O[Na]
704,[Na]OBO[Na]
705,FB(O[Na])O[Na]
706,O=C(CCCB(O[Na])O[Na])O[Na]
707,O=Cc1ccc(O[Na])c(B(O[Na])O[Na])c1
708,[Na]OB(O[Na])c1cncc(B(O[Na])O[Na])c1
709,N#COB(O[Na])O[Na]
710,COc1cc(B(O[Na])O[Na])ccc1O[Na]
711,COB(O[Na])O[Na]
712,[Na]OB(Cl)O[Na]
713,[Na]OB(O[Na])Oc1ccccc1O[Na]
714,O=C(CC(CC(=O)O[Na])(OB(O[Na])O[Na])C(=O)O[Na])O[Na]
715,[Na]OB(O[Na])Oc1cccc(O[Na])c1
716,O=C(COB(O[Na])O[Na])O[Na]
717,COc1ccc(B(O[Na])O[Na])cc1O[Na]
718,[Na]OB(O[Na])c1ccccc1B(O[Na])O[Na]
719,CSB(O[Na])O[Na]
720,O=C(O[Na])c1ccc(OB(O[Na])O[Na])cc1
721,O=C(O[Na])c1cccc(OB(O[Na])O[Na])c1
722,[Na]OB(O[Na])c1cccc(Cl)c1O[Na]
723,O=C(O[Na])c1ccoc1B(O[Na])O[Na]
724,O=C(Cc1ccccc1B(O[Na])O[Na])O[Na]
725,O=COB(O[Na])O[Na]
726,[Na]OB(O[Na])c1ccc(Cl)cc1O[Na]
727,C#COB(O[Na])O[Na]
728,[Na]Oc1ccc(OB(Oc2ccc(O[Na])c(O[Na])c2O[Na])Oc2ccc(O[Na])c(O[Na])c2O[Na])c(O[Na])c1O[Na]
729,O=C(O[Na])c1ccsc1B(O[Na])O[Na]
730,Fc1cc(F)c(O[Na])c(B(O[Na])O[Na])c1
731,Cc1cccc(B(O[Na])O[Na])c1O[Na]
732,FOB(O[Na])O[Na]
733,Fc1ccc(O[Na])c(Cl)c1B(O[Na])O[Na]
734,FC(F)(F)c1cccc(B(O[Na])O[Na])c1O[Na]
735,O=C(O[Na])c1cc(B(O[Na])O[Na])cc(F)c1F
736,Fc1cc(B(O[Na])O[Na])cc(F)c1O[Na]
737,Fc1cc(F)c(B(O[Na])O[Na])cc1O[Na]
738,Fc1cc(O[Na])c(B(O[Na])O[Na])cc1F
739,O=C(O[Na])c1c(F)cc(B(O[Na])O[Na])cc1F
740,O=C(O[Na])c1cc(B(O[Na])O[Na])cnc1F
741,FC(F)(F)c1cc(B(O[Na])O[Na])ccc1O[Na]
742,Cc1ccc(F)c(B(O[Na])O[Na])c1O[Na]
743,Fc1ccc(OB(O[Na])O[Na])c(O[Na])c1
744,Fc1ccc(O[Na])c(OB(O[Na])O[Na])c1
745,Fc1cccc(OB(O[Na])O[Na])c1O[Na]
746,Fc1cccc(O[Na])c1OB(O[Na])O[Na]
747,Fc1cc(O[Na])cc(F)c1OB(O[Na])O[Na]
748,Fc1ccc(OB(O[Na])O[Na])cc1O[Na]
749,Fc1ccc(O[Na])c(OB(O[Na])O[Na])c1F
750,[Na]OB(O[Na])OCCCOB(O[Na])O[Na]
751,O=C(O[Na])OB(OC(=O)O[Na])OC(=O)O[Na]
752,Fc1ccc(OB(O[Na])O[Na])c(O[Na])c1F
753,O=C(O[Na])C(F)(F)OB(O[Na])O[Na]
754,Fc1cc(Cl)c(O[Na])c(B(O[Na])O[Na])c1
755,[Na]OB(O[Na])OCC(COB(O[Na])O[Na])OB(O[Na])O[Na]
756,O=C(O[Na])c1ccc(B(O[Na])O[Na])o1
757,O=C(O[Na])c1ccccc1OB(O[Na])O[Na]
758,CC(C)c1ccc(O[Na])c(B(O[Na])O[Na])c1
759,Cc1ccc(B(O[Na])O[Na])c(O[Na])c1C
760,Cc1cc(C)c(O[Na])c(B(O[Na])O[Na])c1
761,O=BB(O[Na])O[Na]
762,COc1ccc(B(O[Na])O[Na])c(O[Na])c1
763,[Na]OB(O[Na])Oc1ccc(O[Na])cc1
764,C=COB(O[Na])O[Na]
765,COc1cc(O[Na])ccc1B(O[Na])O[Na]
766,[Na]OB(O[Na])OB(O[Na])O[Na]
767,COOB(O[Na])O[Na]
768,[Na]OB(O[Na])c1c(Cl)cc(Cl)cc1O[Na]
769,O=C(O[Na])c1cc(Cl)cc(B(O[Na])O[Na])c1
770,COc1ccc(O[Na])cc1B(O[Na])O[Na]
771,O=C(O[Na])c1sccc1B(O[Na])O[Na]
772,[Na]OB(O[Na])c1cccc(O[Na])c1Cl
773,O=C(O[Na])c1ccncc1B(O[Na])O[Na]
774,O=C(COc1ccc(B(O[Na])O[Na])cc1)O[Na]
775,COc1cc(B(O[Na])O[Na])cc(C(=O)O[Na])c1
776,Cc1cc(O[Na])cc(B(O[Na])O[Na])c1
777,Cc1ccc(B(O[Na])O[Na])cc1C(=O)O[Na]
778,O=C(O[Na])c1cccc(B(O[Na])O[Na])c1Cl
779,Cc1cc(B(O[Na])O[Na])cc(C)c1O[Na]
780,COc1cc(B(O[Na])O[Na])cc(Cl)c1O[Na]
781,N#Cc1ccc(O[Na])c(B(O[Na])O[Na])c1
782,[Na]OB(O[Na])c1ncccc1O[Na]
783,O=P(O[Na])(O[Na])OB(O[Na])O[Na]
784,[Na]OB(O[Na])Oc1c(O[Na])ccc2ccccc12
785,O=C(O[Na])OB(O[Na])O[Na]
786,[Na]OB(O[Na])Oc1cccc(O[Na])c1O[Na]
787,[Na]OB(O[Na])c1cncc(O[Na])c1
788,O=BOCC(=O)O[Na]
789,[Na]OB(O[Na])c1ccc(O[Na])c(O[Na])c1
790,Cc1ccc(O[Na])cc1B(O[Na])O[Na]
791,O=C(O[Na])c1cc(B(O[Na])O[Na])cnc1Cl
792,[Na]Oc1ccc(OB(Oc2ccc(O[Na])cc2)Oc2ccc(O[Na])cc2)cc1
793,O=C(OB(O[Na])O[Na])c1ccccc1O[Na]
794,CN(C)B(O[Na])O[Na]
795,[Na]OB(O[Na])Oc1cc(OB(O[Na])O[Na])cc(OB(O[Na])O[Na])c1
796,[Na]OB(O[Na])c1cc(O[Na])c(B(O[Na])O[Na])cc1O[Na]
797,CC(C)OB1OC(C(=O)O[Na])C(C(=O)O[Na])O1
798,O=C(O[Na])C(=O)OB(O[Na])OC(=O)C(=O)O[Na]
799,[Na]OB(O[Na])OCCOB(O[Na])O[Na]
800,O=C(O[Na])C(=O)OB(O[Na])O[Na]
801,O=C(O[Na])N(B(O[Na])O[Na])C(=O)O[Na]
802,O=C(O[Na])OB(O[Na])OC(=O)O[Na]
803,[Na]OB(O[Na])Oc1cc(O[Na])cc(O[Na])c1
804,O=C(COB(OCC(=O)O[Na])OCC(=O)O[Na])O[Na]
805,O=BOC(=O)O[Na]
806,[Na]OB(O[Na])c1cc(O[Na])cc2ccccc12
807,[Na]Oc1c(O[Na])c2c3c(c1O[Na])OB(O2)O3
808,COc1cccc(OB(O[Na])O[Na])c1O[Na]
809,[Na]Oc1c(Cl)c2c3c(c1O[Na])OB(O2)O3
810,[Na]OB(P)O[Na]
811,[Na]OB(O[Na])OCC(COB(O[Na])O[Na])(COB(O[Na])O[Na])COB(O[Na])O[Na]
812,[Na]OB(Oc1cccc(O[Na])c1O[Na])Oc1cccc(O[Na])c1O[Na]
813,[Na]OB(O[Na])N1CN(B(O[Na])O[Na])CN(B(O[Na])O[Na])C1
814,CC(C)(C)c1c(O[Na])c(O[Na])c2c3c1OB(O2)O3
815,[Na]OB(O[Na])Oc1cccc(O[Na])c1Cl
816,[Na]OB(O[Na])Oc1cc(Cl)ccc1O[Na]
817,COC(=O)c1cc(O[Na])cc(OB(O[Na])O[Na])c1
818,COc1ccc(C(=O)O[Na])cc1OB(O[Na])O[Na]
819,O=C(O[Na])OB(OC(=O)O[Na])Oc1ccccc1
820,[Na]OB(O[Na])Oc1cc(Cl)cc(O[Na])c1
821,[Na]OB(O[Na])Oc1ccc(Cl)cc1O[Na]
822,O=C(O[Na])c1ccc(OB(O[Na])O[Na])s1
823,COc1ccc(OB(O[Na])O[Na])cc1O[Na]
824,COc1cc(OB(O[Na])O[Na])ccc1O[Na]
825,Cc1ccc(O[Na])c(OB(O[Na])O[Na])c1
826,COc1cc(C(=O)O[Na])ccc1OB(O[Na])O[Na]
827,O=P(O[Na])(O[Na])B(O[Na])O[Na]
828,Cc1ccc(OB(O[Na])O[Na])c(O[Na])c1
829,Cc1ccc(O[Na])cc1OB(O[Na])O[Na]
830,Cc1cccc(O[Na])c1OB(O[Na])O[Na]
831,[Na]OB(O[Na])OCOB(O[Na])O[Na]
832,C/C=C(/OB(O[Na])O[Na])OC(=O)O[Na]
833,COc1ccc(O[Na])c(OB(O[Na])O[Na])c1
834,[Na]Oc1cccc(OB(Oc2cccc(O[Na])c2)Oc2cccc(O[Na])c2)c1
835,[Na]Oc1cccc2c1N1c3c(O[Na])cccc3OB(O2)Oc2cccc(O[Na])c21
836,[Na]OB(O[Na])OOOB(O[Na])O[Na]
837,O=C(O[Na])C1OB(B2OC(C(=O)O[Na])C(C(=O)O[Na])O2)OC1C(=O)O[Na]
838,O=C(O[Na])c1sccc1OB(O[Na])O[Na]
839,[Na]OB(O[Na])c1cc2ccccc2c(-c2c(O[Na])c(B(O[Na])O[Na])cc3ccccc23)c1O[Na]
840,O=C(O[Na])C(OB(O[Na])O[Na])c1ccccc1
841,O=PB(O[Na])O[Na]
842,[Na]Oc1ccccc1OB(Oc1ccccc1O[Na])Oc1ccccc1O[Na]
843,[Na]OB(O[Na])Oc1c(O[Na])cccc1O[Na]
844,O=C(O[Na])S1(B(O[Na])O[Na])C=CC=C1
845,O=C(OB(O[Na])O[Na])OB(O[Na])O[Na]
846,O=C(COB(O[Na])OCC(=O)O[Na])O[Na]
847,O=C(O[Na])C(=O)OOB(O[Na])O[Na]
848,O=C(CC(CC(=O)O[Na])(OOB(O[Na])O[Na])C(=O)O[Na])O[Na]
849,CC(OOB(O[Na])O[Na])(P(=O)(O[Na])O[Na])P(=O)(O[Na])O[Na]
850,N#CC(OB(O[Na])O[Na])OB(O[Na])O[Na]
851,CC(COB(O[Na])O[Na])OB(O[Na])O[Na]
852,O=C(CCC(=O)OB(O[Na])O[Na])O[Na]
853,O=C(OB(O[Na])O[Na])c1cc(O[Na])c(O[Na])c(O[Na])c1
854,O=C(O[Na])C(=O)OB(OC(=O)C(=O)O[Na])OC(=O)C(=O)O[Na]
855,O=C(CC(=O)OB(O[Na])O[Na])O[Na]
856,O=C(O[Na])c1ccc(C(=O)OB(O[Na])O[Na])cc1
857,[Na]OB(O[Na])Oc1c(O[Na])cc(O[Na])cc1O[Na]
858,O=C(CC(C(=O)O[Na])C(CC(=O)OB(O[Na])O[Na])C(=O)O[Na])O[Na]
859,O=C(O[Na])OOB(O[Na])O[Na]
860,[Na]OB(O[Na])Oc1ccc(O[Na])c(O[Na])c1O[Na]
